Id Kandydata, Wynik (część A), Wynik (część B), Wynik (końcowy), Zdał egzamin, Ponowne podejście, Matura
0,0,0,0,TBD,Nie,Tak
1,0,0,0,TBD,Nie,Tak
2,0,0,0,TBD,Nie,Tak
3,0,0,0,TBD,Nie,Tak
4,0,0,0,TBD,Nie,Nie
5,0,0,0,TBD,Nie,Tak
6,0,0,0,TBD,Nie,Tak
7,0,0,0,TBD,Nie,Tak
8,0,0,0,TBD,Nie,Tak
9,0,0,0,TBD,Nie,Tak
10,0,0,0,TBD,Nie,Tak
11,0,0,0,TBD,Nie,Tak
12,0,0,0,TBD,Nie,Tak
13,0,0,0,TBD,Nie,Tak
14,0,0,0,TBD,Nie,Tak
15,0,0,0,TBD,Nie,Tak
16,0,0,0,TBD,Nie,Tak
17,0,0,0,TBD,Nie,Tak
18,0,0,0,TBD,Nie,Tak
19,0,0,0,TBD,Nie,Tak
20,0,0,0,TBD,Nie,Tak
21,0,0,0,TBD,Nie,Tak
22,0,0,0,TBD,Nie,Tak
23,0,0,0,TBD,Nie,Tak
24,0,0,0,TBD,Nie,Tak
25,0,0,0,TBD,Nie,Tak
26,0,0,0,TBD,Nie,Tak
27,0,0,0,TBD,Nie,Tak
28,0,0,0,TBD,Nie,Tak
29,0,0,0,TBD,Nie,Tak
30,0,0,0,TBD,Nie,Tak
31,0,0,0,TBD,Nie,Tak
32,0,0,0,TBD,Nie,Tak
33,0,0,0,TBD,Nie,Tak
34,0,0,0,TBD,Nie,Tak
35,0,0,0,TBD,Nie,Tak
36,0,0,0,TBD,Nie,Tak
37,0,0,0,TBD,Nie,Tak
38,0,0,0,TBD,Nie,Tak
39,0,0,0,TBD,Nie,Tak
40,0,0,0,TBD,Nie,Tak
41,0,0,0,TBD,Nie,Tak
42,0,0,0,TBD,Nie,Tak
43,0,0,0,TBD,Nie,Tak
44,0,0,0,TBD,Nie,Tak
45,0,0,0,TBD,Nie,Tak
46,0,0,0,TBD,Nie,Tak
47,0,0,0,TBD,Nie,Tak
48,0,0,0,TBD,Nie,Tak
49,0,0,0,TBD,Nie,Tak
50,0,0,0,TBD,Nie,Tak
51,0,0,0,TBD,Nie,Tak
52,0,0,0,TBD,Nie,Tak
53,0,0,0,TBD,Nie,Tak
54,0,0,0,TBD,Nie,Tak
55,0,0,0,TBD,Nie,Tak
56,0,0,0,TBD,Nie,Tak
57,0,0,0,TBD,Nie,Tak
58,0,0,0,TBD,Nie,Tak
59,0,0,0,TBD,Nie,Tak
60,0,0,0,TBD,Nie,Tak
61,0,0,0,TBD,Nie,Tak
62,0,0,0,TBD,Nie,Tak
63,0,0,0,TBD,Nie,Tak
64,0,0,0,TBD,Nie,Tak
65,0,0,0,TBD,Nie,Tak
66,0,0,0,TBD,Nie,Tak
67,0,0,0,TBD,Nie,Tak
68,0,0,0,TBD,Nie,Tak
69,0,0,0,TBD,Nie,Tak
70,0,0,0,TBD,Nie,Tak
71,0,0,0,TBD,Nie,Tak
72,0,0,0,TBD,Nie,Tak
73,0,0,0,TBD,Nie,Tak
74,0,0,0,TBD,Nie,Tak
75,0,0,0,TBD,Nie,Tak
76,0,0,0,TBD,Nie,Tak
77,0,0,0,TBD,Nie,Tak
78,0,0,0,TBD,Nie,Tak
79,0,0,0,TBD,Nie,Tak
80,0,0,0,TBD,Nie,Tak
81,0,0,0,TBD,Nie,Tak
82,0,0,0,TBD,Nie,Tak
83,0,0,0,TBD,Nie,Tak
84,0,0,0,TBD,Nie,Nie
85,0,0,0,TBD,Nie,Tak
86,0,0,0,TBD,Nie,Tak
87,0,0,0,TBD,Nie,Tak
88,0,0,0,TBD,Nie,Tak
89,0,0,0,TBD,Nie,Tak
90,0,0,0,TBD,Nie,Tak
91,0,0,0,TBD,Nie,Tak
92,0,0,0,TBD,Nie,Tak
93,0,0,0,TBD,Nie,Tak
94,0,0,0,TBD,Nie,Nie
95,0,0,0,TBD,Nie,Tak
96,0,0,0,TBD,Nie,Tak
97,0,0,0,TBD,Nie,Tak
98,0,0,0,TBD,Nie,Tak
99,52.0859,0,0,TBD,Tak,Tak
100,0,0,0,TBD,Nie,Tak
101,0,0,0,TBD,Nie,Tak
102,0,0,0,TBD,Nie,Tak
103,0,0,0,TBD,Nie,Tak
104,35.9607,0,0,TBD,Tak,Tak
105,0,0,0,TBD,Nie,Tak
106,0,0,0,TBD,Nie,Tak
107,0,0,0,TBD,Nie,Tak
108,0,0,0,TBD,Nie,Tak
109,0,0,0,TBD,Nie,Tak
110,0,0,0,TBD,Nie,Tak
111,0,0,0,TBD,Nie,Tak
112,0,0,0,TBD,Nie,Tak
113,0,0,0,TBD,Nie,Tak
114,0,0,0,TBD,Nie,Tak
115,0,0,0,TBD,Nie,Tak
116,0,0,0,TBD,Nie,Tak
117,0,0,0,TBD,Nie,Tak
118,0,0,0,TBD,Nie,Tak
119,0,0,0,TBD,Nie,Tak
120,0,0,0,TBD,Nie,Tak
121,0,0,0,TBD,Nie,Tak
122,0,0,0,TBD,Nie,Tak
123,0,0,0,TBD,Nie,Tak
124,0,0,0,TBD,Nie,Tak
125,0,0,0,TBD,Nie,Tak
126,0,0,0,TBD,Nie,Tak
127,0,0,0,TBD,Nie,Tak
128,0,0,0,TBD,Nie,Tak
129,0,0,0,TBD,Nie,Tak
130,0,0,0,TBD,Nie,Tak
131,0,0,0,TBD,Nie,Tak
132,0,0,0,TBD,Nie,Tak
133,0,0,0,TBD,Nie,Tak
134,0,0,0,TBD,Nie,Tak
135,0,0,0,TBD,Nie,Tak
136,0,0,0,TBD,Nie,Tak
137,0,0,0,TBD,Nie,Tak
138,0,0,0,TBD,Nie,Tak
139,0,0,0,TBD,Nie,Tak
140,0,0,0,TBD,Nie,Tak
141,0,0,0,TBD,Nie,Tak
142,0,0,0,TBD,Nie,Tak
143,0,0,0,TBD,Nie,Tak
144,0,0,0,TBD,Nie,Tak
145,0,0,0,TBD,Nie,Tak
146,0,0,0,TBD,Nie,Tak
147,0,0,0,TBD,Nie,Tak
148,0,0,0,TBD,Nie,Tak
149,0,0,0,TBD,Nie,Tak
150,0,0,0,TBD,Nie,Tak
151,0,0,0,TBD,Nie,Tak
152,0,0,0,TBD,Nie,Tak
153,0,0,0,TBD,Nie,Tak
154,0,0,0,TBD,Nie,Tak
155,0,0,0,TBD,Nie,Tak
156,0,0,0,TBD,Nie,Nie
157,0,0,0,TBD,Nie,Tak
158,0,0,0,TBD,Nie,Tak
159,0,0,0,TBD,Nie,Tak
160,0,0,0,TBD,Nie,Tak
161,0,0,0,TBD,Nie,Tak
162,0,0,0,TBD,Nie,Tak
163,0,0,0,TBD,Nie,Tak
164,0,0,0,TBD,Nie,Tak
165,0,0,0,TBD,Nie,Tak
166,0,0,0,TBD,Nie,Tak
167,0,0,0,TBD,Nie,Tak
168,0,0,0,TBD,Nie,Tak
169,0,0,0,TBD,Nie,Tak
170,0,0,0,TBD,Nie,Tak
171,0,0,0,TBD,Nie,Tak
172,0,0,0,TBD,Nie,Tak
173,0,0,0,TBD,Nie,Tak
174,0,0,0,TBD,Nie,Tak
175,0,0,0,TBD,Nie,Tak
176,0,0,0,TBD,Nie,Tak
177,0,0,0,TBD,Nie,Tak
178,0,0,0,TBD,Nie,Tak
179,0,0,0,TBD,Nie,Tak
180,0,0,0,TBD,Nie,Tak
181,0,0,0,TBD,Nie,Tak
182,0,0,0,TBD,Nie,Tak
183,0,0,0,TBD,Nie,Tak
184,0,0,0,TBD,Nie,Tak
185,0,0,0,TBD,Nie,Tak
186,0,0,0,TBD,Nie,Tak
187,0,0,0,TBD,Nie,Tak
188,0,0,0,TBD,Nie,Tak
189,0,0,0,TBD,Nie,Tak
190,0,0,0,TBD,Nie,Tak
191,0,0,0,TBD,Nie,Tak
192,0,0,0,TBD,Nie,Nie
193,0,0,0,TBD,Nie,Tak
194,0,0,0,TBD,Nie,Tak
195,0,0,0,TBD,Nie,Tak
196,0,0,0,TBD,Nie,Tak
197,0,0,0,TBD,Nie,Tak
198,0,0,0,TBD,Nie,Tak
199,0,0,0,TBD,Nie,Tak
200,0,0,0,TBD,Nie,Tak
201,0,0,0,TBD,Nie,Tak
202,0,0,0,TBD,Nie,Tak
203,0,0,0,TBD,Nie,Tak
204,0,0,0,TBD,Nie,Tak
205,0,0,0,TBD,Nie,Tak
206,0,0,0,TBD,Nie,Tak
207,0,0,0,TBD,Nie,Tak
208,0,0,0,TBD,Nie,Tak
209,0,0,0,TBD,Nie,Tak
210,0,0,0,TBD,Nie,Tak
211,0,0,0,TBD,Nie,Tak
212,0,0,0,TBD,Nie,Tak
213,0,0,0,TBD,Nie,Tak
214,0,0,0,TBD,Nie,Tak
215,48.3113,0,0,TBD,Tak,Tak
216,0,0,0,TBD,Nie,Tak
217,0,0,0,TBD,Nie,Tak
218,0,0,0,TBD,Nie,Tak
219,0,0,0,TBD,Nie,Tak
220,0,0,0,TBD,Nie,Tak
221,0,0,0,TBD,Nie,Tak
222,0,0,0,TBD,Nie,Tak
223,0,0,0,TBD,Nie,Tak
224,0,0,0,TBD,Nie,Tak
225,0,0,0,TBD,Nie,Nie
226,0,0,0,TBD,Nie,Tak
227,0,0,0,TBD,Nie,Tak
228,0,0,0,TBD,Nie,Tak
229,0,0,0,TBD,Nie,Tak
230,0,0,0,TBD,Nie,Tak
231,0,0,0,TBD,Nie,Tak
232,76.557,0,0,TBD,Tak,Tak
233,0,0,0,TBD,Nie,Tak
234,0,0,0,TBD,Nie,Nie
235,0,0,0,TBD,Nie,Tak
236,0,0,0,TBD,Nie,Tak
237,0,0,0,TBD,Nie,Tak
238,0,0,0,TBD,Nie,Tak
239,0,0,0,TBD,Nie,Tak
240,0,0,0,TBD,Nie,Tak
241,0,0,0,TBD,Nie,Tak
242,0,0,0,TBD,Nie,Tak
243,0,0,0,TBD,Nie,Tak
244,0,0,0,TBD,Nie,Tak
245,0,0,0,TBD,Nie,Tak
246,0,0,0,TBD,Nie,Tak
247,0,0,0,TBD,Nie,Tak
248,0,0,0,TBD,Nie,Tak
249,0,0,0,TBD,Nie,Tak
250,0,0,0,TBD,Nie,Tak
251,0,0,0,TBD,Nie,Tak
252,0,0,0,TBD,Nie,Tak
253,0,0,0,TBD,Nie,Tak
254,0,0,0,TBD,Nie,Tak
255,0,0,0,TBD,Nie,Tak
256,0,0,0,TBD,Nie,Tak
257,0,0,0,TBD,Nie,Tak
258,0,0,0,TBD,Nie,Tak
259,0,0,0,TBD,Nie,Tak
260,0,0,0,TBD,Nie,Tak
261,0,0,0,TBD,Nie,Tak
262,0,0,0,TBD,Nie,Tak
263,73.2139,0,0,TBD,Tak,Tak
264,0,0,0,TBD,Nie,Tak
265,0,0,0,TBD,Nie,Tak
266,0,0,0,TBD,Nie,Tak
267,0,0,0,TBD,Nie,Tak
268,0,0,0,TBD,Nie,Tak
269,0,0,0,TBD,Nie,Tak
270,0,0,0,TBD,Nie,Tak
271,0,0,0,TBD,Nie,Tak
272,0,0,0,TBD,Nie,Tak
273,0,0,0,TBD,Nie,Tak
274,0,0,0,TBD,Nie,Tak
275,0,0,0,TBD,Nie,Tak
276,0,0,0,TBD,Nie,Tak
277,0,0,0,TBD,Nie,Tak
278,0,0,0,TBD,Nie,Tak
279,0,0,0,TBD,Nie,Tak
280,0,0,0,TBD,Nie,Tak
281,0,0,0,TBD,Nie,Tak
282,0,0,0,TBD,Nie,Tak
283,0,0,0,TBD,Nie,Tak
284,0,0,0,TBD,Nie,Tak
285,0,0,0,TBD,Nie,Tak
286,0,0,0,TBD,Nie,Tak
287,0,0,0,TBD,Nie,Tak
288,0,0,0,TBD,Nie,Tak
289,0,0,0,TBD,Nie,Tak
290,0,0,0,TBD,Nie,Tak
291,0,0,0,TBD,Nie,Tak
292,0,0,0,TBD,Nie,Tak
293,0,0,0,TBD,Nie,Tak
294,0,0,0,TBD,Nie,Tak
295,0,0,0,TBD,Nie,Tak
296,0,0,0,TBD,Nie,Tak
297,0,0,0,TBD,Nie,Tak
298,0,0,0,TBD,Nie,Tak
299,0,0,0,TBD,Nie,Tak
300,0,0,0,TBD,Nie,Tak
301,0,0,0,TBD,Nie,Tak
302,0,0,0,TBD,Nie,Tak
303,0,0,0,TBD,Nie,Tak
304,0,0,0,TBD,Nie,Tak
305,0,0,0,TBD,Nie,Tak
306,0,0,0,TBD,Nie,Tak
307,0,0,0,TBD,Nie,Tak
308,0,0,0,TBD,Nie,Tak
309,0,0,0,TBD,Nie,Tak
310,0,0,0,TBD,Nie,Tak
311,0,0,0,TBD,Nie,Tak
312,0,0,0,TBD,Nie,Tak
313,0,0,0,TBD,Nie,Tak
314,0,0,0,TBD,Nie,Tak
315,0,0,0,TBD,Nie,Tak
316,0,0,0,TBD,Nie,Tak
317,0,0,0,TBD,Nie,Tak
318,0,0,0,TBD,Nie,Tak
319,95.2148,0,0,TBD,Tak,Tak
320,0,0,0,TBD,Nie,Tak
321,0,0,0,TBD,Nie,Tak
322,0,0,0,TBD,Nie,Tak
323,0,0,0,TBD,Nie,Tak
324,0,0,0,TBD,Nie,Tak
325,0,0,0,TBD,Nie,Tak
326,0,0,0,TBD,Nie,Tak
327,0,0,0,TBD,Nie,Tak
328,0,0,0,TBD,Nie,Tak
329,0,0,0,TBD,Nie,Tak
330,0,0,0,TBD,Nie,Tak
331,0,0,0,TBD,Nie,Tak
332,0,0,0,TBD,Nie,Tak
333,0,0,0,TBD,Nie,Tak
334,0,0,0,TBD,Nie,Tak
335,0,0,0,TBD,Nie,Tak
336,0,0,0,TBD,Nie,Tak
337,0,0,0,TBD,Nie,Tak
338,0,0,0,TBD,Nie,Tak
339,0,0,0,TBD,Nie,Tak
340,0,0,0,TBD,Nie,Tak
341,0,0,0,TBD,Nie,Tak
342,0,0,0,TBD,Nie,Tak
343,0,0,0,TBD,Nie,Nie
344,0,0,0,TBD,Nie,Tak
345,0,0,0,TBD,Nie,Tak
346,0,0,0,TBD,Nie,Tak
347,0,0,0,TBD,Nie,Tak
348,0,0,0,TBD,Nie,Tak
349,0,0,0,TBD,Nie,Tak
350,0,0,0,TBD,Nie,Tak
351,0,0,0,TBD,Nie,Tak
352,0,0,0,TBD,Nie,Tak
353,0,0,0,TBD,Nie,Tak
354,0,0,0,TBD,Nie,Tak
355,0,0,0,TBD,Nie,Tak
356,0,0,0,TBD,Nie,Tak
357,0,0,0,TBD,Nie,Tak
358,0,0,0,TBD,Nie,Tak
359,0,0,0,TBD,Nie,Tak
360,0,0,0,TBD,Nie,Tak
361,0,0,0,TBD,Nie,Tak
362,0,0,0,TBD,Nie,Tak
363,0,0,0,TBD,Nie,Tak
364,0,0,0,TBD,Nie,Tak
365,0,0,0,TBD,Nie,Tak
366,0,0,0,TBD,Nie,Tak
367,0,0,0,TBD,Nie,Tak
368,0,0,0,TBD,Nie,Tak
369,0,0,0,TBD,Nie,Tak
370,0,0,0,TBD,Nie,Tak
371,0,0,0,TBD,Nie,Tak
372,0,0,0,TBD,Nie,Tak
373,0,0,0,TBD,Nie,Tak
374,0,0,0,TBD,Nie,Nie
375,0,0,0,TBD,Nie,Tak
376,0,0,0,TBD,Nie,Tak
377,0,0,0,TBD,Nie,Tak
378,0,0,0,TBD,Nie,Tak
379,0,0,0,TBD,Nie,Tak
380,0,0,0,TBD,Nie,Tak
381,0,0,0,TBD,Nie,Tak
382,0,0,0,TBD,Nie,Tak
383,0,0,0,TBD,Nie,Nie
384,0,0,0,TBD,Nie,Tak
385,0,0,0,TBD,Nie,Tak
386,0,0,0,TBD,Nie,Tak
387,0,0,0,TBD,Nie,Tak
388,0,0,0,TBD,Nie,Tak
389,0,0,0,TBD,Nie,Tak
390,0,0,0,TBD,Nie,Tak
391,0,0,0,TBD,Nie,Tak
392,0,0,0,TBD,Nie,Tak
393,0,0,0,TBD,Nie,Tak
394,0,0,0,TBD,Nie,Tak
395,0,0,0,TBD,Nie,Tak
396,0,0,0,TBD,Nie,Tak
397,0,0,0,TBD,Nie,Tak
398,0,0,0,TBD,Nie,Tak
399,0,0,0,TBD,Nie,Tak
400,0,0,0,TBD,Nie,Tak
401,0,0,0,TBD,Nie,Tak
402,0,0,0,TBD,Nie,Tak
403,0,0,0,TBD,Nie,Tak
404,0,0,0,TBD,Nie,Tak
405,0,0,0,TBD,Nie,Tak
406,0,0,0,TBD,Nie,Tak
407,0,0,0,TBD,Nie,Tak
408,0,0,0,TBD,Nie,Tak
409,0,0,0,TBD,Nie,Tak
410,0,0,0,TBD,Nie,Tak
411,0,0,0,TBD,Nie,Tak
412,0,0,0,TBD,Nie,Tak
413,0,0,0,TBD,Nie,Tak
414,0,0,0,TBD,Nie,Tak
415,0,0,0,TBD,Nie,Tak
416,0,0,0,TBD,Nie,Tak
417,0,0,0,TBD,Nie,Tak
418,0,0,0,TBD,Nie,Tak
419,0,0,0,TBD,Nie,Tak
420,0,0,0,TBD,Nie,Tak
421,0,0,0,TBD,Nie,Tak
422,0,0,0,TBD,Nie,Tak
423,0,0,0,TBD,Nie,Tak
424,0,0,0,TBD,Nie,Tak
425,0,0,0,TBD,Nie,Tak
426,0,0,0,TBD,Nie,Tak
427,0,0,0,TBD,Nie,Nie
428,0,0,0,TBD,Nie,Tak
429,0,0,0,TBD,Nie,Tak
430,0,0,0,TBD,Nie,Tak
431,0,0,0,TBD,Nie,Tak
432,0,0,0,TBD,Nie,Tak
433,0,0,0,TBD,Nie,Tak
434,0,0,0,TBD,Nie,Tak
435,0,0,0,TBD,Nie,Tak
436,0,0,0,TBD,Nie,Tak
437,0,0,0,TBD,Nie,Tak
438,0,0,0,TBD,Nie,Tak
439,0,0,0,TBD,Nie,Tak
440,0,0,0,TBD,Nie,Tak
441,0,0,0,TBD,Nie,Tak
442,0,0,0,TBD,Nie,Tak
443,0,0,0,TBD,Nie,Tak
444,0,0,0,TBD,Nie,Tak
445,0,0,0,TBD,Nie,Tak
446,0,0,0,TBD,Nie,Tak
447,0,0,0,TBD,Nie,Tak
448,0,0,0,TBD,Nie,Tak
449,0,0,0,TBD,Nie,Tak
450,0,0,0,TBD,Nie,Tak
451,0,0,0,TBD,Nie,Tak
452,0,0,0,TBD,Nie,Tak
453,58.033,0,0,TBD,Tak,Tak
454,0,0,0,TBD,Nie,Tak
455,0,0,0,TBD,Nie,Tak
456,0,0,0,TBD,Nie,Tak
457,0,0,0,TBD,Nie,Tak
458,0,0,0,TBD,Nie,Tak
459,0,0,0,TBD,Nie,Tak
460,61.2033,0,0,TBD,Tak,Tak
461,0,0,0,TBD,Nie,Tak
462,0,0,0,TBD,Nie,Tak
463,0,0,0,TBD,Nie,Tak
464,0,0,0,TBD,Nie,Tak
465,0,0,0,TBD,Nie,Tak
466,0,0,0,TBD,Nie,Tak
467,0,0,0,TBD,Nie,Tak
468,0,0,0,TBD,Nie,Tak
469,0,0,0,TBD,Nie,Tak
470,0,0,0,TBD,Nie,Tak
471,0,0,0,TBD,Nie,Tak
472,0,0,0,TBD,Nie,Tak
473,0,0,0,TBD,Nie,Tak
474,0,0,0,TBD,Nie,Tak
475,0,0,0,TBD,Nie,Tak
476,0,0,0,TBD,Nie,Tak
477,0,0,0,TBD,Nie,Tak
478,0,0,0,TBD,Nie,Tak
479,0,0,0,TBD,Nie,Tak
480,0,0,0,TBD,Nie,Tak
481,0,0,0,TBD,Nie,Tak
482,54.0864,0,0,TBD,Tak,Tak
483,0,0,0,TBD,Nie,Tak
484,0,0,0,TBD,Nie,Tak
485,0,0,0,TBD,Nie,Tak
486,0,0,0,TBD,Nie,Tak
487,0,0,0,TBD,Nie,Tak
488,0,0,0,TBD,Nie,Tak
489,0,0,0,TBD,Nie,Tak
490,0,0,0,TBD,Nie,Tak
491,0,0,0,TBD,Nie,Tak
492,0,0,0,TBD,Nie,Tak
493,0,0,0,TBD,Nie,Tak
494,0,0,0,TBD,Nie,Tak
495,0,0,0,TBD,Nie,Tak
496,0,0,0,TBD,Nie,Tak
497,0,0,0,TBD,Nie,Tak
498,0,0,0,TBD,Nie,Tak
499,0,0,0,TBD,Nie,Tak
500,0,0,0,TBD,Nie,Tak
501,0,0,0,TBD,Nie,Tak
502,0,0,0,TBD,Nie,Tak
503,0,0,0,TBD,Nie,Tak
504,0,0,0,TBD,Nie,Tak
505,0,0,0,TBD,Nie,Tak
506,0,0,0,TBD,Nie,Tak
507,0,0,0,TBD,Nie,Tak
508,0,0,0,TBD,Nie,Tak
509,0,0,0,TBD,Nie,Tak
510,0,0,0,TBD,Nie,Tak
511,0,0,0,TBD,Nie,Tak
512,0,0,0,TBD,Nie,Tak
513,0,0,0,TBD,Nie,Tak
514,0,0,0,TBD,Nie,Tak
515,0,0,0,TBD,Nie,Tak
516,0,0,0,TBD,Nie,Tak
517,0,0,0,TBD,Nie,Tak
518,0,0,0,TBD,Nie,Tak
519,0,0,0,TBD,Nie,Tak
520,0,0,0,TBD,Nie,Tak
521,0,0,0,TBD,Nie,Tak
522,0,0,0,TBD,Nie,Tak
523,0,0,0,TBD,Nie,Tak
524,0,0,0,TBD,Nie,Tak
525,0,0,0,TBD,Nie,Tak
526,0,0,0,TBD,Nie,Tak
527,0,0,0,TBD,Nie,Tak
528,0,0,0,TBD,Nie,Nie
529,0,0,0,TBD,Nie,Tak
530,0,0,0,TBD,Nie,Tak
531,0,0,0,TBD,Nie,Tak
532,0,0,0,TBD,Nie,Tak
533,0,0,0,TBD,Nie,Tak
534,0,0,0,TBD,Nie,Tak
535,0,0,0,TBD,Nie,Tak
536,0,0,0,TBD,Nie,Tak
537,0,0,0,TBD,Nie,Tak
538,0,0,0,TBD,Nie,Tak
539,0,0,0,TBD,Nie,Tak
540,0,0,0,TBD,Nie,Tak
541,0,0,0,TBD,Nie,Tak
542,0,0,0,TBD,Nie,Tak
543,0,0,0,TBD,Nie,Tak
544,0,0,0,TBD,Nie,Tak
545,0,0,0,TBD,Nie,Tak
546,0,0,0,TBD,Nie,Nie
547,0,0,0,TBD,Nie,Tak
548,0,0,0,TBD,Nie,Tak
549,0,0,0,TBD,Nie,Tak
550,0,0,0,TBD,Nie,Tak
551,0,0,0,TBD,Nie,Tak
552,0,0,0,TBD,Nie,Tak
553,0,0,0,TBD,Nie,Tak
554,0,0,0,TBD,Nie,Tak
555,0,0,0,TBD,Nie,Tak
556,0,0,0,TBD,Nie,Tak
557,0,0,0,TBD,Nie,Tak
558,0,0,0,TBD,Nie,Tak
559,0,0,0,TBD,Nie,Tak
560,0,0,0,TBD,Nie,Tak
561,0,0,0,TBD,Nie,Tak
562,0,0,0,TBD,Nie,Tak
563,0,0,0,TBD,Nie,Tak
564,0,0,0,TBD,Nie,Tak
565,0,0,0,TBD,Nie,Tak
566,0,0,0,TBD,Nie,Tak
567,0,0,0,TBD,Nie,Nie
568,0,0,0,TBD,Nie,Tak
569,0,0,0,TBD,Nie,Tak
570,0,0,0,TBD,Nie,Tak
571,0,0,0,TBD,Nie,Nie
572,0,0,0,TBD,Nie,Tak
573,0,0,0,TBD,Nie,Tak
574,0,0,0,TBD,Nie,Tak
575,0,0,0,TBD,Nie,Tak
576,0,0,0,TBD,Nie,Tak
577,0,0,0,TBD,Nie,Tak
578,0,0,0,TBD,Nie,Tak
579,0,0,0,TBD,Nie,Tak
580,0,0,0,TBD,Nie,Tak
581,0,0,0,TBD,Nie,Tak
582,60.2531,0,0,TBD,Tak,Tak
583,0,0,0,TBD,Nie,Tak
584,0,0,0,TBD,Nie,Tak
585,0,0,0,TBD,Nie,Tak
586,0,0,0,TBD,Nie,Tak
587,0,0,0,TBD,Nie,Tak
588,0,0,0,TBD,Nie,Tak
589,0,0,0,TBD,Nie,Tak
590,0,0,0,TBD,Nie,Tak
591,0,0,0,TBD,Nie,Tak
592,0,0,0,TBD,Nie,Tak
593,0,0,0,TBD,Nie,Tak
594,0,0,0,TBD,Nie,Tak
595,0,0,0,TBD,Nie,Tak
596,0,0,0,TBD,Nie,Nie
597,0,0,0,TBD,Nie,Tak
598,0,0,0,TBD,Nie,Tak
599,0,0,0,TBD,Nie,Nie
600,0,0,0,TBD,Nie,Tak
601,0,0,0,TBD,Nie,Tak
602,0,0,0,TBD,Nie,Tak
603,0,0,0,TBD,Nie,Tak
604,0,0,0,TBD,Nie,Tak
605,0,0,0,TBD,Nie,Tak
606,0,0,0,TBD,Nie,Tak
607,0,0,0,TBD,Nie,Tak
608,0,0,0,TBD,Nie,Tak
609,0,0,0,TBD,Nie,Tak
610,0,0,0,TBD,Nie,Tak
611,0,0,0,TBD,Nie,Tak
612,0,0,0,TBD,Nie,Tak
613,0,0,0,TBD,Nie,Tak
614,0,0,0,TBD,Nie,Tak
615,0,0,0,TBD,Nie,Tak
616,0,0,0,TBD,Nie,Tak
617,0,0,0,TBD,Nie,Tak
618,0,0,0,TBD,Nie,Tak
619,0,0,0,TBD,Nie,Tak
620,0,0,0,TBD,Nie,Tak
621,0,0,0,TBD,Nie,Tak
622,0,0,0,TBD,Nie,Tak
623,0,0,0,TBD,Nie,Tak
624,0,0,0,TBD,Nie,Tak
625,0,0,0,TBD,Nie,Tak
626,0,0,0,TBD,Nie,Tak
627,0,0,0,TBD,Nie,Tak
628,0,0,0,TBD,Nie,Tak
629,0,0,0,TBD,Nie,Tak
630,0,0,0,TBD,Nie,Tak
631,0,0,0,TBD,Nie,Tak
632,0,0,0,TBD,Nie,Tak
633,0,0,0,TBD,Nie,Tak
634,0,0,0,TBD,Nie,Tak
635,0,0,0,TBD,Nie,Tak
636,0,0,0,TBD,Nie,Tak
637,0,0,0,TBD,Nie,Tak
638,0,0,0,TBD,Nie,Tak
639,0,0,0,TBD,Nie,Tak
640,0,0,0,TBD,Nie,Tak
641,0,0,0,TBD,Nie,Tak
642,0,0,0,TBD,Nie,Tak
643,0,0,0,TBD,Nie,Tak
644,0,0,0,TBD,Nie,Tak
645,0,0,0,TBD,Nie,Tak
646,0,0,0,TBD,Nie,Tak
647,0,0,0,TBD,Nie,Tak
648,0,0,0,TBD,Nie,Tak
649,0,0,0,TBD,Nie,Tak
650,0,0,0,TBD,Nie,Tak
651,0,0,0,TBD,Nie,Tak
652,0,0,0,TBD,Nie,Tak
653,0,0,0,TBD,Nie,Tak
654,0,0,0,TBD,Nie,Tak
655,0,0,0,TBD,Nie,Tak
656,0,0,0,TBD,Nie,Tak
657,0,0,0,TBD,Nie,Tak
658,0,0,0,TBD,Nie,Tak
659,0,0,0,TBD,Nie,Tak
660,0,0,0,TBD,Nie,Tak
661,0,0,0,TBD,Nie,Tak
662,0,0,0,TBD,Nie,Tak
663,0,0,0,TBD,Nie,Tak
664,0,0,0,TBD,Nie,Nie
665,0,0,0,TBD,Nie,Nie
666,0,0,0,TBD,Nie,Tak
667,0,0,0,TBD,Nie,Tak
668,0,0,0,TBD,Nie,Tak
669,0,0,0,TBD,Nie,Tak
670,0,0,0,TBD,Nie,Tak
671,0,0,0,TBD,Nie,Tak
672,0,0,0,TBD,Nie,Tak
673,0,0,0,TBD,Nie,Tak
674,0,0,0,TBD,Nie,Tak
675,0,0,0,TBD,Nie,Tak
676,0,0,0,TBD,Nie,Tak
677,0,0,0,TBD,Nie,Tak
678,0,0,0,TBD,Nie,Tak
679,0,0,0,TBD,Nie,Tak
680,0,0,0,TBD,Nie,Tak
681,0,0,0,TBD,Nie,Tak
682,0,0,0,TBD,Nie,Tak
683,0,0,0,TBD,Nie,Tak
684,0,0,0,TBD,Nie,Tak
685,0,0,0,TBD,Nie,Tak
686,0,0,0,TBD,Nie,Tak
687,0,0,0,TBD,Nie,Tak
688,0,0,0,TBD,Nie,Tak
689,90.1749,0,0,TBD,Tak,Tak
690,0,0,0,TBD,Nie,Tak
691,0,0,0,TBD,Nie,Tak
692,0,0,0,TBD,Nie,Tak
693,0,0,0,TBD,Nie,Tak
694,0,0,0,TBD,Nie,Tak
695,0,0,0,TBD,Nie,Tak
696,0,0,0,TBD,Nie,Tak
697,0,0,0,TBD,Nie,Tak
698,0,0,0,TBD,Nie,Tak
699,0,0,0,TBD,Nie,Tak
700,0,0,0,TBD,Nie,Tak
701,0,0,0,TBD,Nie,Tak
702,0,0,0,TBD,Nie,Tak
703,0,0,0,TBD,Nie,Tak
704,0,0,0,TBD,Nie,Tak
705,0,0,0,TBD,Nie,Tak
706,0,0,0,TBD,Nie,Tak
707,0,0,0,TBD,Nie,Tak
708,0,0,0,TBD,Nie,Tak
709,0,0,0,TBD,Nie,Tak
710,0,0,0,TBD,Nie,Tak
711,0,0,0,TBD,Nie,Tak
712,0,0,0,TBD,Nie,Tak
713,0,0,0,TBD,Nie,Tak
714,0,0,0,TBD,Nie,Tak
715,84.1922,0,0,TBD,Tak,Tak
716,0,0,0,TBD,Nie,Tak
717,0,0,0,TBD,Nie,Tak
718,0,0,0,TBD,Nie,Tak
719,0,0,0,TBD,Nie,Tak
720,0,0,0,TBD,Nie,Tak
721,0,0,0,TBD,Nie,Tak
722,0,0,0,TBD,Nie,Tak
723,0,0,0,TBD,Nie,Tak
724,0,0,0,TBD,Nie,Tak
725,0,0,0,TBD,Nie,Tak
726,0,0,0,TBD,Nie,Tak
727,0,0,0,TBD,Nie,Tak
728,0,0,0,TBD,Nie,Tak
729,0,0,0,TBD,Nie,Tak
730,0,0,0,TBD,Nie,Tak
731,0,0,0,TBD,Nie,Tak
732,0,0,0,TBD,Nie,Tak
733,0,0,0,TBD,Nie,Tak
734,0,0,0,TBD,Nie,Tak
735,0,0,0,TBD,Nie,Tak
736,0,0,0,TBD,Nie,Tak
737,0,0,0,TBD,Nie,Tak
738,0,0,0,TBD,Nie,Tak
739,0,0,0,TBD,Nie,Tak
740,0,0,0,TBD,Nie,Tak
741,0,0,0,TBD,Nie,Tak
742,0,0,0,TBD,Nie,Tak
743,0,0,0,TBD,Nie,Tak
744,0,0,0,TBD,Nie,Tak
745,0,0,0,TBD,Nie,Tak
746,0,0,0,TBD,Nie,Tak
747,0,0,0,TBD,Nie,Tak
748,0,0,0,TBD,Nie,Tak
749,0,0,0,TBD,Nie,Tak
750,0,0,0,TBD,Nie,Tak
751,0,0,0,TBD,Nie,Tak
752,0,0,0,TBD,Nie,Tak
753,0,0,0,TBD,Nie,Tak
754,0,0,0,TBD,Nie,Tak
755,0,0,0,TBD,Nie,Tak
756,0,0,0,TBD,Nie,Tak
757,0,0,0,TBD,Nie,Tak
758,0,0,0,TBD,Nie,Tak
759,74.2186,0,0,TBD,Tak,Tak
760,0,0,0,TBD,Nie,Tak
761,0,0,0,TBD,Nie,Nie
762,0,0,0,TBD,Nie,Tak
763,0,0,0,TBD,Nie,Tak
764,0,0,0,TBD,Nie,Tak
765,0,0,0,TBD,Nie,Tak
766,0,0,0,TBD,Nie,Tak
767,0,0,0,TBD,Nie,Tak
768,0,0,0,TBD,Nie,Tak
769,0,0,0,TBD,Nie,Tak
770,0,0,0,TBD,Nie,Tak
771,0,0,0,TBD,Nie,Tak
772,0,0,0,TBD,Nie,Tak
773,0,0,0,TBD,Nie,Tak
774,0,0,0,TBD,Nie,Tak
775,0,0,0,TBD,Nie,Tak
776,0,0,0,TBD,Nie,Tak
777,0,0,0,TBD,Nie,Tak
778,0,0,0,TBD,Nie,Tak
779,86.2502,0,0,TBD,Tak,Tak
780,0,0,0,TBD,Nie,Tak
781,0,0,0,TBD,Nie,Tak
782,0,0,0,TBD,Nie,Tak
783,0,0,0,TBD,Nie,Tak
784,0,0,0,TBD,Nie,Tak
785,0,0,0,TBD,Nie,Tak
786,0,0,0,TBD,Nie,Tak
787,0,0,0,TBD,Nie,Tak
788,0,0,0,TBD,Nie,Tak
789,0,0,0,TBD,Nie,Tak
790,0,0,0,TBD,Nie,Tak
791,0,0,0,TBD,Nie,Tak
792,0,0,0,TBD,Nie,Tak
793,0,0,0,TBD,Nie,Tak
794,0,0,0,TBD,Nie,Tak
795,0,0,0,TBD,Nie,Tak
796,0,0,0,TBD,Nie,Tak
797,0,0,0,TBD,Nie,Tak
798,0,0,0,TBD,Nie,Tak
799,0,0,0,TBD,Nie,Tak
800,0,0,0,TBD,Nie,Tak
801,0,0,0,TBD,Nie,Tak
802,0,0,0,TBD,Nie,Tak
803,0,0,0,TBD,Nie,Tak
804,0,0,0,TBD,Nie,Tak
805,0,0,0,TBD,Nie,Tak
806,0,0,0,TBD,Nie,Tak
807,0,0,0,TBD,Nie,Tak
808,0,0,0,TBD,Nie,Tak
809,0,0,0,TBD,Nie,Tak
810,0,0,0,TBD,Nie,Tak
811,0,0,0,TBD,Nie,Tak
812,0,0,0,TBD,Nie,Tak
813,0,0,0,TBD,Nie,Tak
814,88.615,0,0,TBD,Tak,Tak
815,0,0,0,TBD,Nie,Tak
816,0,0,0,TBD,Nie,Tak
817,0,0,0,TBD,Nie,Tak
818,0,0,0,TBD,Nie,Tak
819,0,0,0,TBD,Nie,Tak
820,0,0,0,TBD,Nie,Tak
821,0,0,0,TBD,Nie,Tak
822,0,0,0,TBD,Nie,Tak
823,0,0,0,TBD,Nie,Tak
824,0,0,0,TBD,Nie,Tak
825,0,0,0,TBD,Nie,Tak
826,0,0,0,TBD,Nie,Tak
827,0,0,0,TBD,Nie,Tak
828,0,0,0,TBD,Nie,Tak
829,0,0,0,TBD,Nie,Tak
830,0,0,0,TBD,Nie,Tak
831,0,0,0,TBD,Nie,Tak
832,0,0,0,TBD,Nie,Tak
833,0,0,0,TBD,Nie,Tak
834,0,0,0,TBD,Nie,Tak
835,0,0,0,TBD,Nie,Tak
836,0,0,0,TBD,Nie,Tak
837,0,0,0,TBD,Nie,Tak
838,0,0,0,TBD,Nie,Tak
839,0,0,0,TBD,Nie,Tak
840,0,0,0,TBD,Nie,Tak
841,0,0,0,TBD,Nie,Tak
842,0,0,0,TBD,Nie,Tak
843,0,0,0,TBD,Nie,Tak
844,0,0,0,TBD,Nie,Tak
845,0,0,0,TBD,Nie,Tak
846,0,0,0,TBD,Nie,Tak
847,0,0,0,TBD,Nie,Tak
848,0,0,0,TBD,Nie,Tak
849,0,0,0,TBD,Nie,Tak
850,0,0,0,TBD,Nie,Tak
851,0,0,0,TBD,Nie,Tak
852,0,0,0,TBD,Nie,Tak
853,0,0,0,TBD,Nie,Tak
854,0,0,0,TBD,Nie,Tak
855,0,0,0,TBD,Nie,Tak
856,0,0,0,TBD,Nie,Tak
857,0,0,0,TBD,Nie,Tak
858,0,0,0,TBD,Nie,Tak
859,0,0,0,TBD,Nie,Tak
860,0,0,0,TBD,Nie,Tak
861,0,0,0,TBD,Nie,Tak
862,0,0,0,TBD,Nie,Tak
863,0,0,0,TBD,Nie,Tak
864,0,0,0,TBD,Nie,Tak
865,0,0,0,TBD,Nie,Tak
866,0,0,0,TBD,Nie,Tak
867,0,0,0,TBD,Nie,Tak
868,0,0,0,TBD,Nie,Tak
869,0,0,0,TBD,Nie,Tak
870,0,0,0,TBD,Nie,Nie
871,0,0,0,TBD,Nie,Tak
872,0,0,0,TBD,Nie,Tak
873,0,0,0,TBD,Nie,Tak
874,0,0,0,TBD,Nie,Tak
875,0,0,0,TBD,Nie,Tak
876,0,0,0,TBD,Nie,Tak
877,0,0,0,TBD,Nie,Tak
878,0,0,0,TBD,Nie,Tak
879,0,0,0,TBD,Nie,Tak
880,0,0,0,TBD,Nie,Tak
881,0,0,0,TBD,Nie,Tak
882,0,0,0,TBD,Nie,Tak
883,0,0,0,TBD,Nie,Tak
884,0,0,0,TBD,Nie,Tak
885,0,0,0,TBD,Nie,Tak
886,0,0,0,TBD,Nie,Tak
887,0,0,0,TBD,Nie,Tak
888,0,0,0,TBD,Nie,Tak
889,0,0,0,TBD,Nie,Tak
890,0,0,0,TBD,Nie,Tak
891,0,0,0,TBD,Nie,Tak
892,0,0,0,TBD,Nie,Tak
893,0,0,0,TBD,Nie,Tak
894,0,0,0,TBD,Nie,Tak
895,0,0,0,TBD,Nie,Tak
896,0,0,0,TBD,Nie,Tak
897,0,0,0,TBD,Nie,Tak
898,0,0,0,TBD,Nie,Tak
899,0,0,0,TBD,Nie,Tak
900,0,0,0,TBD,Nie,Tak
901,0,0,0,TBD,Nie,Tak
902,0,0,0,TBD,Nie,Tak
903,0,0,0,TBD,Nie,Tak
904,0,0,0,TBD,Nie,Tak
905,0,0,0,TBD,Nie,Tak
906,0,0,0,TBD,Nie,Tak
907,0,0,0,TBD,Nie,Tak
908,0,0,0,TBD,Nie,Tak
909,0,0,0,TBD,Nie,Nie
910,0,0,0,TBD,Nie,Tak
911,0,0,0,TBD,Nie,Tak
912,0,0,0,TBD,Nie,Tak
913,0,0,0,TBD,Nie,Tak
914,0,0,0,TBD,Nie,Tak
915,0,0,0,TBD,Nie,Tak
916,0,0,0,TBD,Nie,Tak
917,0,0,0,TBD,Nie,Tak
918,0,0,0,TBD,Nie,Tak
919,0,0,0,TBD,Nie,Tak
920,0,0,0,TBD,Nie,Tak
921,0,0,0,TBD,Nie,Tak
922,0,0,0,TBD,Nie,Tak
923,0,0,0,TBD,Nie,Tak
924,0,0,0,TBD,Nie,Tak
925,0,0,0,TBD,Nie,Tak
926,0,0,0,TBD,Nie,Tak
927,0,0,0,TBD,Nie,Tak
928,0,0,0,TBD,Nie,Tak
929,0,0,0,TBD,Nie,Tak
930,0,0,0,TBD,Nie,Tak
931,0,0,0,TBD,Nie,Tak
932,0,0,0,TBD,Nie,Tak
933,0,0,0,TBD,Nie,Tak
934,0,0,0,TBD,Nie,Tak
935,0,0,0,TBD,Nie,Tak
936,0,0,0,TBD,Nie,Tak
937,0,0,0,TBD,Nie,Tak
938,0,0,0,TBD,Nie,Tak
939,0,0,0,TBD,Nie,Tak
940,0,0,0,TBD,Nie,Tak
941,0,0,0,TBD,Nie,Tak
942,77.0828,0,0,TBD,Tak,Tak
943,0,0,0,TBD,Nie,Tak
944,0,0,0,TBD,Nie,Tak
945,0,0,0,TBD,Nie,Tak
946,0,0,0,TBD,Nie,Tak
947,0,0,0,TBD,Nie,Tak
948,0,0,0,TBD,Nie,Tak
949,0,0,0,TBD,Nie,Tak
950,0,0,0,TBD,Nie,Tak
951,0,0,0,TBD,Nie,Tak
952,0,0,0,TBD,Nie,Tak
953,0,0,0,TBD,Nie,Tak
954,0,0,0,TBD,Nie,Tak
955,0,0,0,TBD,Nie,Tak
956,0,0,0,TBD,Nie,Tak
957,0,0,0,TBD,Nie,Tak
958,0,0,0,TBD,Nie,Tak
959,0,0,0,TBD,Nie,Tak
960,0,0,0,TBD,Nie,Tak
961,0,0,0,TBD,Nie,Tak
962,0,0,0,TBD,Nie,Tak
963,0,0,0,TBD,Nie,Tak
964,0,0,0,TBD,Nie,Tak
965,0,0,0,TBD,Nie,Tak
966,0,0,0,TBD,Nie,Tak
967,0,0,0,TBD,Nie,Tak
968,0,0,0,TBD,Nie,Tak
969,0,0,0,TBD,Nie,Tak
970,46.0986,0,0,TBD,Tak,Tak
971,0,0,0,TBD,Nie,Tak
972,0,0,0,TBD,Nie,Tak
973,0,0,0,TBD,Nie,Tak
974,0,0,0,TBD,Nie,Nie
975,0,0,0,TBD,Nie,Tak
976,0,0,0,TBD,Nie,Tak
977,0,0,0,TBD,Nie,Tak
978,0,0,0,TBD,Nie,Tak
979,0,0,0,TBD,Nie,Tak
980,0,0,0,TBD,Nie,Tak
981,0,0,0,TBD,Nie,Tak
982,0,0,0,TBD,Nie,Tak
983,0,0,0,TBD,Nie,Tak
984,0,0,0,TBD,Nie,Tak
985,0,0,0,TBD,Nie,Tak
986,0,0,0,TBD,Nie,Tak
987,0,0,0,TBD,Nie,Tak
988,0,0,0,TBD,Nie,Tak
989,0,0,0,TBD,Nie,Tak
990,0,0,0,TBD,Nie,Tak
991,0,0,0,TBD,Nie,Tak
992,0,0,0,TBD,Nie,Tak
993,0,0,0,TBD,Nie,Tak
994,0,0,0,TBD,Nie,Tak
995,0,0,0,TBD,Nie,Tak
996,0,0,0,TBD,Nie,Tak
997,0,0,0,TBD,Nie,Tak
998,0,0,0,TBD,Nie,Tak
999,0,0,0,TBD,Nie,Tak
1000,0,0,0,TBD,Nie,Tak
1001,0,0,0,TBD,Nie,Tak
1002,0,0,0,TBD,Nie,Tak
1003,0,0,0,TBD,Nie,Tak
1004,0,0,0,TBD,Nie,Tak
1005,0,0,0,TBD,Nie,Tak
1006,0,0,0,TBD,Nie,Tak
1007,0,0,0,TBD,Nie,Tak
1008,0,0,0,TBD,Nie,Tak
1009,0,0,0,TBD,Nie,Tak
1010,0,0,0,TBD,Nie,Tak
1011,0,0,0,TBD,Nie,Tak
1012,0,0,0,TBD,Nie,Tak
1013,0,0,0,TBD,Nie,Tak
1014,0,0,0,TBD,Nie,Tak
1015,0,0,0,TBD,Nie,Tak
1016,0,0,0,TBD,Nie,Tak
1017,0,0,0,TBD,Nie,Tak
1018,0,0,0,TBD,Nie,Tak
1019,0,0,0,TBD,Nie,Tak
1020,0,0,0,TBD,Nie,Tak
1021,0,0,0,TBD,Nie,Tak
1022,0,0,0,TBD,Nie,Tak
1023,0,0,0,TBD,Nie,Tak
1024,0,0,0,TBD,Nie,Tak
1025,0,0,0,TBD,Nie,Tak
1026,0,0,0,TBD,Nie,Tak
1027,0,0,0,TBD,Nie,Tak
1028,0,0,0,TBD,Nie,Tak
1029,0,0,0,TBD,Nie,Tak
1030,0,0,0,TBD,Nie,Tak
1031,0,0,0,TBD,Nie,Tak
1032,0,0,0,TBD,Nie,Tak
1033,0,0,0,TBD,Nie,Nie
1034,0,0,0,TBD,Nie,Tak
1035,0,0,0,TBD,Nie,Tak
1036,0,0,0,TBD,Nie,Tak
1037,0,0,0,TBD,Nie,Tak
1038,0,0,0,TBD,Nie,Tak
1039,0,0,0,TBD,Nie,Tak
1040,0,0,0,TBD,Nie,Tak
1041,0,0,0,TBD,Nie,Tak
1042,0,0,0,TBD,Nie,Tak
1043,0,0,0,TBD,Nie,Tak
1044,0,0,0,TBD,Nie,Tak
1045,0,0,0,TBD,Nie,Tak
1046,0,0,0,TBD,Nie,Tak
1047,0,0,0,TBD,Nie,Tak
1048,0,0,0,TBD,Nie,Tak
1049,0,0,0,TBD,Nie,Tak
1050,0,0,0,TBD,Nie,Tak
1051,0,0,0,TBD,Nie,Tak
1052,0,0,0,TBD,Nie,Tak
1053,0,0,0,TBD,Nie,Tak
1054,62.4732,0,0,TBD,Tak,Tak
1055,0,0,0,TBD,Nie,Tak
1056,0,0,0,TBD,Nie,Tak
1057,0,0,0,TBD,Nie,Tak
1058,0,0,0,TBD,Nie,Tak
1059,0,0,0,TBD,Nie,Tak
1060,0,0,0,TBD,Nie,Tak
1061,0,0,0,TBD,Nie,Tak
1062,0,0,0,TBD,Nie,Tak
1063,0,0,0,TBD,Nie,Tak
1064,0,0,0,TBD,Nie,Tak
1065,0,0,0,TBD,Nie,Tak
1066,0,0,0,TBD,Nie,Tak
1067,0,0,0,TBD,Nie,Tak
1068,0,0,0,TBD,Nie,Tak
1069,0,0,0,TBD,Nie,Tak
1070,0,0,0,TBD,Nie,Tak
1071,0,0,0,TBD,Nie,Tak
1072,0,0,0,TBD,Nie,Tak
1073,0,0,0,TBD,Nie,Tak
1074,0,0,0,TBD,Nie,Tak
1075,0,0,0,TBD,Nie,Tak
1076,0,0,0,TBD,Nie,Tak
1077,0,0,0,TBD,Nie,Tak
1078,0,0,0,TBD,Nie,Tak
1079,0,0,0,TBD,Nie,Tak
1080,0,0,0,TBD,Nie,Tak
1081,0,0,0,TBD,Nie,Tak
1082,0,0,0,TBD,Nie,Tak
1083,0,0,0,TBD,Nie,Tak
1084,0,0,0,TBD,Nie,Tak
1085,0,0,0,TBD,Nie,Tak
1086,0,0,0,TBD,Nie,Tak
1087,0,0,0,TBD,Nie,Tak
1088,0,0,0,TBD,Nie,Tak
1089,0,0,0,TBD,Nie,Tak
1090,0,0,0,TBD,Nie,Tak
1091,0,0,0,TBD,Nie,Tak
1092,0,0,0,TBD,Nie,Tak
1093,0,0,0,TBD,Nie,Tak
1094,0,0,0,TBD,Nie,Tak
1095,0,0,0,TBD,Nie,Tak
1096,0,0,0,TBD,Nie,Tak
1097,0,0,0,TBD,Nie,Tak
1098,0,0,0,TBD,Nie,Tak
1099,0,0,0,TBD,Nie,Tak
1100,94.2404,0,0,TBD,Tak,Tak
1101,62.8255,0,0,TBD,Tak,Tak
1102,0,0,0,TBD,Nie,Tak
1103,0,0,0,TBD,Nie,Tak
1104,0,0,0,TBD,Nie,Tak
1105,0,0,0,TBD,Nie,Tak
1106,0,0,0,TBD,Nie,Tak
1107,0,0,0,TBD,Nie,Tak
1108,0,0,0,TBD,Nie,Tak
1109,0,0,0,TBD,Nie,Tak
1110,0,0,0,TBD,Nie,Nie
1111,0,0,0,TBD,Nie,Tak
1112,0,0,0,TBD,Nie,Tak
1113,0,0,0,TBD,Nie,Tak
1114,0,0,0,TBD,Nie,Tak
1115,0,0,0,TBD,Nie,Tak
1116,0,0,0,TBD,Nie,Tak
1117,0,0,0,TBD,Nie,Tak
1118,0,0,0,TBD,Nie,Tak
1119,0,0,0,TBD,Nie,Tak
1120,0,0,0,TBD,Nie,Tak
1121,0,0,0,TBD,Nie,Tak
1122,0,0,0,TBD,Nie,Tak
1123,0,0,0,TBD,Nie,Tak
1124,0,0,0,TBD,Nie,Tak
1125,0,0,0,TBD,Nie,Tak
1126,0,0,0,TBD,Nie,Tak
1127,0,0,0,TBD,Nie,Tak
1128,0,0,0,TBD,Nie,Tak
1129,0,0,0,TBD,Nie,Tak
1130,0,0,0,TBD,Nie,Tak
1131,0,0,0,TBD,Nie,Tak
1132,0,0,0,TBD,Nie,Tak
1133,0,0,0,TBD,Nie,Tak
1134,0,0,0,TBD,Nie,Tak
1135,0,0,0,TBD,Nie,Tak
1136,0,0,0,TBD,Nie,Tak
1137,0,0,0,TBD,Nie,Tak
1138,0,0,0,TBD,Nie,Tak
1139,0,0,0,TBD,Nie,Tak
1140,0,0,0,TBD,Nie,Tak
1141,0,0,0,TBD,Nie,Tak
1142,0,0,0,TBD,Nie,Tak
1143,0,0,0,TBD,Nie,Tak
1144,0,0,0,TBD,Nie,Tak
1145,0,0,0,TBD,Nie,Tak
1146,0,0,0,TBD,Nie,Tak
1147,0,0,0,TBD,Nie,Tak
1148,0,0,0,TBD,Nie,Tak
1149,0,0,0,TBD,Nie,Tak
1150,0,0,0,TBD,Nie,Tak
1151,0,0,0,TBD,Nie,Tak
1152,0,0,0,TBD,Nie,Tak
1153,0,0,0,TBD,Nie,Tak
1154,0,0,0,TBD,Nie,Tak
1155,0,0,0,TBD,Nie,Tak
1156,0,0,0,TBD,Nie,Tak
1157,0,0,0,TBD,Nie,Tak
1158,0,0,0,TBD,Nie,Tak
1159,0,0,0,TBD,Nie,Tak
1160,0,0,0,TBD,Nie,Tak
1161,0,0,0,TBD,Nie,Tak
1162,0,0,0,TBD,Nie,Tak
1163,0,0,0,TBD,Nie,Tak
1164,0,0,0,TBD,Nie,Tak
1165,0,0,0,TBD,Nie,Tak
1166,0,0,0,TBD,Nie,Tak
1167,0,0,0,TBD,Nie,Tak
1168,0,0,0,TBD,Nie,Tak
1169,0,0,0,TBD,Nie,Tak
1170,0,0,0,TBD,Nie,Tak
1171,0,0,0,TBD,Nie,Tak
1172,0,0,0,TBD,Nie,Tak
1173,0,0,0,TBD,Nie,Tak
1174,0,0,0,TBD,Nie,Tak
1175,0,0,0,TBD,Nie,Tak
1176,0,0,0,TBD,Nie,Tak
1177,0,0,0,TBD,Nie,Tak
1178,0,0,0,TBD,Nie,Tak
1179,0,0,0,TBD,Nie,Tak
1180,0,0,0,TBD,Nie,Tak
1181,78.1194,0,0,TBD,Tak,Tak
1182,0,0,0,TBD,Nie,Tak
1183,0,0,0,TBD,Nie,Tak
1184,0,0,0,TBD,Nie,Tak
1185,0,0,0,TBD,Nie,Tak
1186,0,0,0,TBD,Nie,Tak
1187,0,0,0,TBD,Nie,Tak
1188,0,0,0,TBD,Nie,Tak
1189,0,0,0,TBD,Nie,Tak
1190,0,0,0,TBD,Nie,Tak
1191,0,0,0,TBD,Nie,Tak
1192,0,0,0,TBD,Nie,Tak
1193,0,0,0,TBD,Nie,Tak
1194,0,0,0,TBD,Nie,Tak
1195,0,0,0,TBD,Nie,Tak
1196,0,0,0,TBD,Nie,Tak
1197,0,0,0,TBD,Nie,Tak
1198,0,0,0,TBD,Nie,Nie
1199,0,0,0,TBD,Nie,Tak
1200,0,0,0,TBD,Nie,Tak
1201,0,0,0,TBD,Nie,Tak
1202,0,0,0,TBD,Nie,Tak
1203,0,0,0,TBD,Nie,Tak
1204,0,0,0,TBD,Nie,Tak
1205,0,0,0,TBD,Nie,Tak
1206,0,0,0,TBD,Nie,Tak
1207,0,0,0,TBD,Nie,Tak
1208,0,0,0,TBD,Nie,Tak
1209,0,0,0,TBD,Nie,Tak
1210,0,0,0,TBD,Nie,Tak
1211,0,0,0,TBD,Nie,Tak
1212,0,0,0,TBD,Nie,Tak
1213,0,0,0,TBD,Nie,Tak
1214,0,0,0,TBD,Nie,Tak
1215,0,0,0,TBD,Nie,Tak
1216,0,0,0,TBD,Nie,Tak
1217,0,0,0,TBD,Nie,Tak
1218,0,0,0,TBD,Nie,Tak
1219,0,0,0,TBD,Nie,Tak
1220,0,0,0,TBD,Nie,Tak
1221,0,0,0,TBD,Nie,Tak
1222,0,0,0,TBD,Nie,Tak
1223,0,0,0,TBD,Nie,Tak
1224,0,0,0,TBD,Nie,Tak
1225,0,0,0,TBD,Nie,Tak
1226,0,0,0,TBD,Nie,Tak
1227,0,0,0,TBD,Nie,Tak
1228,0,0,0,TBD,Nie,Tak
1229,0,0,0,TBD,Nie,Tak
1230,0,0,0,TBD,Nie,Tak
1231,0,0,0,TBD,Nie,Tak
1232,0,0,0,TBD,Nie,Tak
1233,0,0,0,TBD,Nie,Tak
1234,0,0,0,TBD,Nie,Tak
1235,0,0,0,TBD,Nie,Tak
1236,0,0,0,TBD,Nie,Tak
1237,0,0,0,TBD,Nie,Tak
1238,0,0,0,TBD,Nie,Tak
1239,0,0,0,TBD,Nie,Tak
1240,0,0,0,TBD,Nie,Tak
1241,0,0,0,TBD,Nie,Tak
1242,0,0,0,TBD,Nie,Tak
1243,0,0,0,TBD,Nie,Tak
1244,0,0,0,TBD,Nie,Tak
1245,0,0,0,TBD,Nie,Tak
1246,0,0,0,TBD,Nie,Tak
1247,0,0,0,TBD,Nie,Tak
1248,0,0,0,TBD,Nie,Tak
1249,0,0,0,TBD,Nie,Tak
1250,0,0,0,TBD,Nie,Tak
1251,0,0,0,TBD,Nie,Tak
1252,0,0,0,TBD,Nie,Tak
1253,0,0,0,TBD,Nie,Tak
1254,0,0,0,TBD,Nie,Tak
1255,75.2809,0,0,TBD,Tak,Tak
1256,0,0,0,TBD,Nie,Tak
1257,0,0,0,TBD,Nie,Tak
1258,0,0,0,TBD,Nie,Tak
1259,0,0,0,TBD,Nie,Tak
1260,0,0,0,TBD,Nie,Tak
1261,0,0,0,TBD,Nie,Tak
1262,0,0,0,TBD,Nie,Tak
1263,0,0,0,TBD,Nie,Tak
1264,0,0,0,TBD,Nie,Tak
1265,0,0,0,TBD,Nie,Tak
1266,0,0,0,TBD,Nie,Tak
1267,0,0,0,TBD,Nie,Tak
1268,0,0,0,TBD,Nie,Tak
1269,0,0,0,TBD,Nie,Tak
1270,0,0,0,TBD,Nie,Nie
1271,86.8906,0,0,TBD,Tak,Tak
1272,0,0,0,TBD,Nie,Tak
1273,0,0,0,TBD,Nie,Tak
1274,0,0,0,TBD,Nie,Tak
1275,0,0,0,TBD,Nie,Tak
1276,0,0,0,TBD,Nie,Tak
1277,0,0,0,TBD,Nie,Tak
1278,0,0,0,TBD,Nie,Tak
1279,0,0,0,TBD,Nie,Tak
1280,0,0,0,TBD,Nie,Tak
1281,0,0,0,TBD,Nie,Tak
1282,0,0,0,TBD,Nie,Tak
1283,0,0,0,TBD,Nie,Tak
1284,0,0,0,TBD,Nie,Tak
1285,0,0,0,TBD,Nie,Tak
1286,0,0,0,TBD,Nie,Tak
1287,0,0,0,TBD,Nie,Tak
1288,0,0,0,TBD,Nie,Tak
1289,0,0,0,TBD,Nie,Tak
1290,0,0,0,TBD,Nie,Tak
1291,0,0,0,TBD,Nie,Tak
1292,0,0,0,TBD,Nie,Tak
1293,45.0057,0,0,TBD,Tak,Tak
1294,0,0,0,TBD,Nie,Tak
1295,0,0,0,TBD,Nie,Tak
1296,0,0,0,TBD,Nie,Tak
1297,0,0,0,TBD,Nie,Tak
1298,0,0,0,TBD,Nie,Tak
1299,0,0,0,TBD,Nie,Tak
1300,0,0,0,TBD,Nie,Tak
1301,0,0,0,TBD,Nie,Tak
1302,0,0,0,TBD,Nie,Tak
1303,0,0,0,TBD,Nie,Nie
1304,0,0,0,TBD,Nie,Tak
1305,0,0,0,TBD,Nie,Tak
1306,0,0,0,TBD,Nie,Tak
1307,0,0,0,TBD,Nie,Tak
1308,0,0,0,TBD,Nie,Tak
1309,0,0,0,TBD,Nie,Tak
1310,0,0,0,TBD,Nie,Tak
